cohort_year,total_investors,average_sip_amount,total_invested_amount
2024,4803,107422.54183205638,3491125187
2025,197,109158.5770609319,30455243
